{"cameraMode":{"drawMode":0,"name":"Shaded","section":"Shading Mode"},"sceneLighting":false,"audioPlay":false,"sceneViewState":{"showFog":true,"showMaterialUpdate":false,"showSkybox":false,"showFlares":true,"showImageEffects":true,"showParticleSystems":true},"in2DMode":false,"pivot":{"x":6.556378364562988,"y":4.5726165771484379,"z":48.61178207397461},"rotation":{"x":-0.00781824067234993,"y":0.7723327875137329,"z":-0.009507623501121998,"w":-0.635099470615387},"size":0.8252824544906616,"orthographic":false}