{"cameraMode":{"drawMode":0,"name":"Shaded","section":"Shading Mode"},"sceneLighting":false,"audioPlay":false,"sceneViewState":{"showFog":true,"showMaterialUpdate":false,"showSkybox":false,"showFlares":true,"showImageEffects":true,"showParticleSystems":true},"in2DMode":false,"pivot":{"x":2.3299999237060549,"y":0.5640000104904175,"z":0.9509999752044678},"rotation":{"x":0.24105951189994813,"y":0.5265520215034485,"z":-0.15877065062522889,"w":0.7996652126312256},"size":1.4289418458938599,"orthographic":false}