{"cameraMode":{"drawMode":0,"name":"Shaded","section":"Shading Mode"},"sceneLighting":false,"audioPlay":false,"sceneViewState":{"showFog":true,"showMaterialUpdate":false,"showSkybox":true,"showFlares":true,"showImageEffects":true,"showParticleSystems":true},"in2DMode":false,"pivot":{"x":4.200000762939453,"y":-2.799999952316284,"z":1.899993896484375},"rotation":{"x":-0.3104523718357086,"y":-0.21369586884975434,"z":0.07186540961265564,"w":-0.9234925508499146},"size":187.9290771484375,"orthographic":false}