{"cameraMode":{"drawMode":0,"name":"Shaded","section":"Shading Mode"},"sceneLighting":false,"audioPlay":false,"sceneViewState":{"showFog":true,"showMaterialUpdate":false,"showSkybox":false,"showFlares":true,"showImageEffects":true,"showParticleSystems":true},"in2DMode":false,"pivot":{"x":2.3300275802612306,"y":5.376039028167725,"z":1.9005001783370972},"rotation":{"x":-0.059655096381902698,"y":0.10223942250013352,"z":-0.0061070057563483719,"w":-0.9929860234260559},"size":0.7541427612304688,"orthographic":false}