{"cameraMode":{"drawMode":0,"name":"Shaded","section":"Shading Mode"},"sceneLighting":false,"audioPlay":false,"sceneViewState":{"showFog":true,"showMaterialUpdate":false,"showSkybox":false,"showFlares":true,"showImageEffects":true,"showParticleSystems":true},"in2DMode":false,"pivot":{"x":-4.429999828338623,"y":-5.650000095367432,"z":3.1600000858306886},"rotation":{"x":0.14951947331428529,"y":-0.4967159926891327,"z":0.08727848529815674,"w":0.8505184054374695},"size":0.8573657274246216,"orthographic":false}