{"cameraMode":{"drawMode":0,"name":"Shaded","section":"Shading Mode"},"sceneLighting":false,"audioPlay":false,"sceneViewState":{"showFog":true,"showMaterialUpdate":false,"showSkybox":false,"showFlares":true,"showImageEffects":true,"showParticleSystems":true},"in2DMode":false,"pivot":{"x":-12.419022560119629,"y":6.50910758972168,"z":0.0262451171875},"rotation":{"x":-0.08230163156986237,"y":0.05140286684036255,"z":-0.004235612228512764,"w":-0.9953133463859558},"size":19.026988983154298,"orthographic":false}