{"cameraMode":{"drawMode":0,"name":"Shaded","section":"Shading Mode"},"sceneLighting":false,"audioPlay":false,"sceneViewState":{"showFog":true,"showMaterialUpdate":false,"showSkybox":false,"showFlares":true,"showImageEffects":true,"showParticleSystems":true},"in2DMode":false,"pivot":{"x":-62.70262145996094,"y":2.3767902851104738,"z":-0.6269993782043457},"rotation":{"x":-0.19528532028198243,"y":-0.38876160979270937,"z":0.0846918523311615,"w":-0.8964143395423889},"size":28.3279972076416,"orthographic":false}