{"cameraMode":{"drawMode":0,"name":"Shaded","section":"Shading Mode"},"sceneLighting":false,"audioPlay":false,"sceneViewState":{"showFog":true,"showMaterialUpdate":false,"showSkybox":false,"showFlares":true,"showImageEffects":true,"showParticleSystems":true},"in2DMode":false,"pivot":{"x":2.3393349647521974,"y":5.676537990570068,"z":13.060304641723633},"rotation":{"x":0.11048522591590882,"y":-0.07149510085582733,"z":0.007968711666762829,"w":0.9912709593772888},"size":1.5064270496368409,"orthographic":false}