{"cameraMode":{"drawMode":0,"name":"Shaded","section":"Shading Mode"},"sceneLighting":false,"audioPlay":false,"sceneViewState":{"showFog":true,"showMaterialUpdate":false,"showSkybox":false,"showFlares":true,"showImageEffects":true,"showParticleSystems":true},"in2DMode":false,"pivot":{"x":-40.19561767578125,"y":3.9004881381988527,"z":-1.4442567825317383},"rotation":{"x":-0.08230163156986237,"y":0.05140286684036255,"z":-0.004235612228512764,"w":-0.9953133463859558},"size":6.894552230834961,"orthographic":false}